split,case,range_m,shape,dimensions_m,position,lateral_m,motion,visibility_mode,visible_returns_per_frame,intersecting_rays_per_frame,foreground_occluded_rays_per_frame,removed_returns_per_frame,object_detected,hazard_confirmed,first_visible_frame,first_detection_frame,first_hazard_frame,detection_latency_s,hazard_latency_s,matched_path_relations,matched_distances_m,statuses,baseline_statuses,background_alarm_frames,unmatched_alarm_frames
tuning,0,30,tuning_medium,"[0.7, 0.7, 1.2]",inside,0.0,stationary_world,measured_foreground_returns_and_opaque_box_self_occlusion,"[120, 125, 132]","[240, 250, 264]","[0, 0, 0]","[244, 256, 270]",True,True,0,1,1,0.0999981164932251,0.0999981164932251,"[null, ""intersecting"", ""intersecting""]","[null, 29.933912135167322, 29.938622522798592]","[""obstacle"", ""obstacle"", ""obstacle""]","[""unresolved_obstacle"", ""obstacle"", ""obstacle""]",3,1
evaluation,0,30,small_narrow,"[0.4, 0.5, 0.8]",inside,0.0,stationary_world,measured_foreground_returns_and_opaque_box_self_occlusion,"[106, 108, 96]","[212, 216, 192]","[0, 0, 0]","[212, 216, 192]",True,True,0,1,1,0.10001516342163086,0.10001516342163086,"[null, ""intersecting"", ""intersecting""]","[null, 30.197851186349723, 30.364053879272905]","[""obstacle"", ""obstacle"", ""obstacle""]","[""candidate"", ""obstacle"", ""obstacle""]",2,1
evaluation,1,30,small_narrow,"[0.4, 0.5, 0.8]",inside,0.0,moving_world_lateral,measured_foreground_returns_and_opaque_box_self_occlusion,"[106, 105, 96]","[212, 210, 192]","[0, 0, 0]","[212, 210, 192]",True,True,0,1,1,0.10001516342163086,0.10001516342163086,"[null, ""intersecting"", ""intersecting""]","[null, 30.19797820001581, 30.364410289751827]","[""obstacle"", ""obstacle"", ""obstacle""]","[""candidate"", ""obstacle"", ""obstacle""]",2,1
evaluation,2,30,small_narrow,"[0.4, 0.5, 0.8]",edge,1.3,stationary_world,measured_foreground_returns_and_opaque_box_self_occlusion,"[98, 98, 103]","[196, 196, 206]","[0, 0, 0]","[196, 196, 206]",True,True,0,1,1,0.10001516342163086,0.10001516342163086,"[null, ""intersecting"", ""intersecting""]","[null, 30.201063992426164, 30.370017574477632]","[""obstacle"", ""obstacle"", ""obstacle""]","[""candidate"", ""obstacle"", ""obstacle""]",2,1
evaluation,3,30,small_narrow,"[0.4, 0.5, 0.8]",edge,1.3,moving_world_lateral,measured_foreground_returns_and_opaque_box_self_occlusion,"[98, 102, 108]","[196, 204, 216]","[0, 0, 0]","[196, 204, 216]",True,True,0,1,1,0.10001516342163086,0.10001516342163086,"[null, ""intersecting"", ""intersecting""]","[null, 30.2011544612318, 30.370505137353096]","[""obstacle"", ""obstacle"", ""obstacle""]","[""candidate"", ""obstacle"", ""obstacle""]",2,1
evaluation,4,30,small_narrow,"[0.4, 0.5, 0.8]",adjacent,3.0,stationary_world,measured_foreground_returns_and_opaque_box_self_occlusion,"[47, 55, 52]","[244, 242, 240]","[150, 132, 136]","[94, 110, 104]",False,False,0,,,,,"[""adjacent"", ""adjacent"", ""adjacent""]","[29.922719955444336, 29.960067749023438, 28.89136505126953]","[""candidate"", ""obstacle"", ""obstacle""]","[""candidate"", ""obstacle"", ""obstacle""]",2,2
evaluation,5,30,small_narrow,"[0.4, 0.5, 0.8]",adjacent,3.0,moving_world_lateral,measured_foreground_returns_and_opaque_box_self_occlusion,"[47, 46, 35]","[244, 242, 244]","[150, 150, 174]","[94, 92, 70]",False,False,0,,,,,"[""adjacent"", ""adjacent"", ""adjacent""]","[29.922719955444336, 30.028902053833008, 29.145483016967773]","[""candidate"", ""obstacle"", ""obstacle""]","[""candidate"", ""obstacle"", ""obstacle""]",2,2
evaluation,6,100,small_narrow,"[0.4, 0.5, 0.8]",inside,0.0,stationary_world,measured_foreground_returns_and_opaque_box_self_occlusion,"[0, 0, 0]","[16, 12, 16]","[16, 12, 16]","[0, 0, 0]",False,False,,,,,,"[null, null, null]","[null, null, null]","[""candidate"", ""obstacle"", ""obstacle""]","[""candidate"", ""obstacle"", ""obstacle""]",2,2
evaluation,7,100,small_narrow,"[0.4, 0.5, 0.8]",inside,0.0,moving_world_lateral,measured_foreground_returns_and_opaque_box_self_occlusion,"[0, 0, 0]","[16, 12, 16]","[16, 12, 16]","[0, 0, 0]",False,False,,,,,,"[null, null, null]","[null, null, null]","[""candidate"", ""obstacle"", ""obstacle""]","[""candidate"", ""obstacle"", ""obstacle""]",2,2
evaluation,8,100,small_narrow,"[0.4, 0.5, 0.8]",edge,1.3,stationary_world,measured_foreground_returns_and_opaque_box_self_occlusion,"[1, 2, 3]","[10, 16, 12]","[8, 12, 6]","[2, 4, 6]",True,False,0,1,,0.10001516342163086,,"[null, ""unresolved"", ""adjacent""]","[null, 100.20127090235508, 100.36948299463444]","[""candidate"", ""obstacle"", ""obstacle""]","[""candidate"", ""obstacle"", ""obstacle""]",2,2
evaluation,9,100,small_narrow,"[0.4, 0.5, 0.8]",edge,1.3,moving_world_lateral,measured_foreground_returns_and_opaque_box_self_occlusion,"[1, 2, 2]","[10, 12, 8]","[8, 8, 4]","[2, 4, 4]",True,False,0,1,,0.10001516342163086,,"[null, ""unresolved"", null]","[null, 100.20127090235508, null]","[""candidate"", ""obstacle"", ""obstacle""]","[""candidate"", ""obstacle"", ""obstacle""]",2,2
evaluation,10,100,small_narrow,"[0.4, 0.5, 0.8]",adjacent,3.0,stationary_world,measured_foreground_returns_and_opaque_box_self_occlusion,"[2, 1, 2]","[6, 14, 8]","[2, 12, 4]","[4, 2, 4]",False,False,0,,,,,"[null, null, null]","[null, null, null]","[""candidate"", ""obstacle"", ""obstacle""]","[""candidate"", ""obstacle"", ""obstacle""]",2,2
evaluation,11,100,small_narrow,"[0.4, 0.5, 0.8]",adjacent,3.0,moving_world_lateral,measured_foreground_returns_and_opaque_box_self_occlusion,"[2, 1, 1]","[6, 14, 6]","[2, 12, 4]","[4, 2, 2]",False,False,0,,,,,"[null, null, null]","[null, null, null]","[""candidate"", ""obstacle"", ""obstacle""]","[""candidate"", ""obstacle"", ""obstacle""]",2,2
evaluation,12,200,small_narrow,"[0.4, 0.5, 0.8]",inside,0.0,stationary_world,measured_foreground_returns_and_opaque_box_self_occlusion,"[0, 0, 0]","[2, 2, 8]","[2, 2, 8]","[0, 0, 0]",False,False,,,,,,"[null, null, null]","[null, null, null]","[""candidate"", ""obstacle"", ""obstacle""]","[""candidate"", ""obstacle"", ""obstacle""]",2,2
evaluation,13,200,small_narrow,"[0.4, 0.5, 0.8]",inside,0.0,moving_world_lateral,measured_foreground_returns_and_opaque_box_self_occlusion,"[0, 0, 0]","[2, 2, 4]","[2, 2, 4]","[0, 0, 0]",False,False,,,,,,"[null, null, null]","[null, null, null]","[""candidate"", ""obstacle"", ""obstacle""]","[""candidate"", ""obstacle"", ""obstacle""]",2,2
evaluation,14,200,small_narrow,"[0.4, 0.5, 0.8]",edge,1.3,stationary_world,measured_foreground_returns_and_opaque_box_self_occlusion,"[0, 0, 0]","[4, 6, 6]","[4, 6, 6]","[0, 0, 0]",False,False,,,,,,"[null, null, null]","[null, null, null]","[""candidate"", ""obstacle"", ""obstacle""]","[""candidate"", ""obstacle"", ""obstacle""]",2,2
evaluation,15,200,small_narrow,"[0.4, 0.5, 0.8]",edge,1.3,moving_world_lateral,measured_foreground_returns_and_opaque_box_self_occlusion,"[0, 0, 0]","[4, 4, 8]","[4, 4, 8]","[0, 0, 0]",False,False,,,,,,"[null, null, null]","[null, null, null]","[""candidate"", ""obstacle"", ""obstacle""]","[""candidate"", ""obstacle"", ""obstacle""]",2,2
evaluation,16,200,small_narrow,"[0.4, 0.5, 0.8]",adjacent,3.0,stationary_world,measured_foreground_returns_and_opaque_box_self_occlusion,"[0, 0, 0]","[2, 8, 4]","[2, 8, 4]","[0, 0, 0]",False,False,,,,,,"[null, null, null]","[null, null, null]","[""candidate"", ""obstacle"", ""obstacle""]","[""candidate"", ""obstacle"", ""obstacle""]",2,2
evaluation,17,200,small_narrow,"[0.4, 0.5, 0.8]",adjacent,3.0,moving_world_lateral,measured_foreground_returns_and_opaque_box_self_occlusion,"[0, 0, 0]","[2, 8, 4]","[2, 8, 4]","[0, 0, 0]",False,False,,,,,,"[null, null, null]","[null, null, null]","[""candidate"", ""obstacle"", ""obstacle""]","[""candidate"", ""obstacle"", ""obstacle""]",2,2
evaluation,18,30,large_wide,"[1.0, 1.0, 1.5]",inside,0.0,stationary_world,measured_foreground_returns_and_opaque_box_self_occlusion,"[364, 359, 344]","[750, 742, 710]","[0, 0, 0]","[750, 742, 710]",True,True,0,1,1,0.10001516342163086,0.10001516342163086,"[null, ""intersecting"", ""intersecting""]","[null, 30.19708635415363, 30.362733059274376]","[""obstacle"", ""obstacle"", ""obstacle""]","[""candidate"", ""obstacle"", ""obstacle""]",2,1
evaluation,19,30,large_wide,"[1.0, 1.0, 1.5]",inside,0.0,moving_world_lateral,measured_foreground_returns_and_opaque_box_self_occlusion,"[364, 351, 326]","[750, 724, 672]","[0, 0, 0]","[750, 724, 672]",True,True,0,1,1,0.10001516342163086,0.10001516342163086,"[null, ""intersecting"", ""intersecting""]","[null, 30.197213391437597, 30.363224963386557]","[""obstacle"", ""obstacle"", ""obstacle""]","[""candidate"", ""obstacle"", ""obstacle""]",2,1
evaluation,20,30,large_wide,"[1.0, 1.0, 1.5]",edge,1.3,stationary_world,measured_foreground_returns_and_opaque_box_self_occlusion,"[292, 308, 297]","[596, 640, 608]","[2, 2, 0]","[594, 638, 608]",True,True,0,0,0,0.0,0.0,"[""intersecting"", ""intersecting"", ""intersecting""]","[30.0, 30.200311146097096, 30.368884125742348]","[""obstacle"", ""obstacle"", ""obstacle""]","[""candidate"", ""obstacle"", ""obstacle""]",2,0
evaluation,21,30,large_wide,"[1.0, 1.0, 1.5]",edge,1.3,moving_world_lateral,measured_foreground_returns_and_opaque_box_self_occlusion,"[292, 309, 309]","[596, 642, 634]","[2, 2, 0]","[594, 640, 634]",True,True,0,0,0,0.0,0.0,"[""intersecting"", ""intersecting"", ""intersecting""]","[30.0, 30.20038928534597, 30.36936820741939]","[""obstacle"", ""obstacle"", ""obstacle""]","[""candidate"", ""obstacle"", ""obstacle""]",2,1
evaluation,22,30,large_wide,"[1.0, 1.0, 1.5]",adjacent,3.0,stationary_world,measured_foreground_returns_and_opaque_box_self_occlusion,"[230, 246, 207]","[926, 928, 920]","[440, 408, 496]","[488, 522, 424]",False,False,0,,,,,"[""intersecting"", ""adjacent"", ""adjacent""]","[29.758209228515625, 29.82994842529297, 29.120620727539062]","[""obstacle"", ""obstacle"", ""obstacle""]","[""candidate"", ""obstacle"", ""obstacle""]",2,3
evaluation,23,30,large_wide,"[1.0, 1.0, 1.5]",adjacent,3.0,moving_world_lateral,measured_foreground_returns_and_opaque_box_self_occlusion,"[230, 231, 175]","[926, 930, 908]","[440, 442, 552]","[488, 490, 356]",False,False,0,,,,,"[""intersecting"", ""adjacent"", ""adjacent""]","[29.758209228515625, 29.55014991760254, 29.4936466217041]","[""obstacle"", ""obstacle"", ""obstacle""]","[""candidate"", ""obstacle"", ""obstacle""]",2,3
evaluation,24,100,large_wide,"[1.0, 1.0, 1.5]",inside,0.0,stationary_world,measured_foreground_returns_and_opaque_box_self_occlusion,"[0, 0, 0]","[54, 50, 56]","[54, 50, 56]","[0, 0, 0]",False,False,,,,,,"[null, null, null]","[null, null, null]","[""candidate"", ""obstacle"", ""obstacle""]","[""candidate"", ""obstacle"", ""obstacle""]",2,2
evaluation,25,100,large_wide,"[1.0, 1.0, 1.5]",inside,0.0,moving_world_lateral,measured_foreground_returns_and_opaque_box_self_occlusion,"[0, 0, 0]","[54, 46, 56]","[54, 46, 56]","[0, 0, 0]",False,False,,,,,,"[null, null, null]","[null, null, null]","[""candidate"", ""obstacle"", ""obstacle""]","[""candidate"", ""obstacle"", ""obstacle""]",2,2
evaluation,26,100,large_wide,"[1.0, 1.0, 1.5]",edge,1.3,stationary_world,measured_foreground_returns_and_opaque_box_self_occlusion,"[7, 12, 14]","[58, 64, 56]","[42, 34, 24]","[16, 30, 32]",True,False,0,1,,0.10001516342163086,,"[null, ""unresolved"", ""unresolved""]","[null, 100.20072527551369, 100.36798110044766]","[""candidate"", ""obstacle"", ""obstacle""]","[""candidate"", ""obstacle"", ""obstacle""]",2,2
evaluation,27,100,large_wide,"[1.0, 1.0, 1.5]",edge,1.3,moving_world_lateral,measured_foreground_returns_and_opaque_box_self_occlusion,"[7, 12, 13]","[58, 64, 54]","[42, 34, 24]","[16, 30, 30]",True,False,0,1,,0.10001516342163086,,"[null, ""unresolved"", ""unresolved""]","[null, 100.20072527551369, 100.36879396779783]","[""candidate"", ""obstacle"", ""obstacle""]","[""candidate"", ""obstacle"", ""obstacle""]",2,2
evaluation,28,100,large_wide,"[1.0, 1.0, 1.5]",adjacent,3.0,stationary_world,measured_foreground_returns_and_opaque_box_self_occlusion,"[3, 2, 4]","[14, 26, 14]","[8, 22, 6]","[6, 4, 8]",True,False,0,1,,0.10001516342163086,,"[null, ""unresolved"", ""unresolved""]","[null, 100.2046436225488, 100.37924164249048]","[""candidate"", ""obstacle"", ""obstacle""]","[""candidate"", ""obstacle"", ""obstacle""]",2,2
evaluation,29,100,large_wide,"[1.0, 1.0, 1.5]",adjacent,3.0,moving_world_lateral,measured_foreground_returns_and_opaque_box_self_occlusion,"[3, 2, 4]","[14, 26, 16]","[8, 22, 8]","[6, 4, 8]",True,False,0,1,,0.10001516342163086,,"[null, ""unresolved"", ""unresolved""]","[null, 100.2046436225488, 100.37924164249048]","[""candidate"", ""obstacle"", ""obstacle""]","[""candidate"", ""obstacle"", ""obstacle""]",2,2
evaluation,30,200,large_wide,"[1.0, 1.0, 1.5]",inside,0.0,stationary_world,measured_foreground_returns_and_opaque_box_self_occlusion,"[0, 0, 0]","[14, 8, 14]","[14, 8, 14]","[0, 0, 0]",False,False,,,,,,"[null, null, null]","[null, null, null]","[""candidate"", ""obstacle"", ""obstacle""]","[""candidate"", ""obstacle"", ""obstacle""]",2,2
evaluation,31,200,large_wide,"[1.0, 1.0, 1.5]",inside,0.0,moving_world_lateral,measured_foreground_returns_and_opaque_box_self_occlusion,"[0, 0, 0]","[14, 8, 16]","[14, 8, 16]","[0, 0, 0]",False,False,,,,,,"[null, null, null]","[null, null, null]","[""candidate"", ""obstacle"", ""obstacle""]","[""candidate"", ""obstacle"", ""obstacle""]",2,2
evaluation,32,200,large_wide,"[1.0, 1.0, 1.5]",edge,1.3,stationary_world,measured_foreground_returns_and_opaque_box_self_occlusion,"[0, 0, 0]","[22, 20, 22]","[22, 20, 22]","[0, 0, 0]",False,False,,,,,,"[null, null, null]","[null, null, null]","[""candidate"", ""obstacle"", ""obstacle""]","[""candidate"", ""obstacle"", ""obstacle""]",2,2
evaluation,33,200,large_wide,"[1.0, 1.0, 1.5]",edge,1.3,moving_world_lateral,measured_foreground_returns_and_opaque_box_self_occlusion,"[0, 0, 0]","[22, 20, 20]","[22, 20, 20]","[0, 0, 0]",False,False,,,,,,"[null, null, null]","[null, null, null]","[""candidate"", ""obstacle"", ""obstacle""]","[""candidate"", ""obstacle"", ""obstacle""]",2,2
evaluation,34,200,large_wide,"[1.0, 1.0, 1.5]",adjacent,3.0,stationary_world,measured_foreground_returns_and_opaque_box_self_occlusion,"[0, 0, 0]","[12, 18, 16]","[12, 18, 16]","[0, 0, 0]",False,False,,,,,,"[null, null, null]","[null, null, null]","[""candidate"", ""obstacle"", ""obstacle""]","[""candidate"", ""obstacle"", ""obstacle""]",2,2
evaluation,35,200,large_wide,"[1.0, 1.0, 1.5]",adjacent,3.0,moving_world_lateral,measured_foreground_returns_and_opaque_box_self_occlusion,"[0, 0, 0]","[12, 16, 14]","[12, 16, 14]","[0, 0, 0]",False,False,,,,,,"[null, null, null]","[null, null, null]","[""candidate"", ""obstacle"", ""obstacle""]","[""candidate"", ""obstacle"", ""obstacle""]",2,2
